p_conc,initial_prediction
"(array([-23.5325461 ,   5.53780726]), array([-9.12621129,  0.83287733]), array([3.0228467 , 0.09137602]), array([14.97982836,  2.24395258]), array([-55.68347519,  31.0064941 ]), array([44.20900463, 19.5443609 ]), array([-157.06730613,  246.70138655]))
You are given a chronological sequence of observations for a financial asset.
Each row reports the 1-period log return log_r and the realized variance rv 
where rv = log_r^2.
The log returns are scaled as log_ret*1e4 and the realized Variances are scales as rv*1e6
It's arranged chronologically, [array([log_r_1, rv_1]), array([log_r_2, rv_2]), .....]
",28636.99635399117
"(array([-9.12621129,  0.83287733]), array([3.0228467 , 0.09137602]), array([14.97982836,  2.24395258]), array([-55.68347519,  31.0064941 ]), array([44.20900463, 19.5443609 ]), array([-157.06730613,  246.70138655]), array([42.26497202, 17.86327859]))
You are given a chronological sequence of observations for a financial asset.
Each row reports the 1-period log return log_r and the realized variance rv 
where rv = log_r^2.
The log returns are scaled as log_ret*1e4 and the realized Variances are scales as rv*1e6
It's arranged chronologically, [array([log_r_1, rv_1]), array([log_r_2, rv_2]), .....]
",31711.86739827563
"(array([3.0228467 , 0.09137602]), array([14.97982836,  2.24395258]), array([-55.68347519,  31.0064941 ]), array([44.20900463, 19.5443609 ]), array([-157.06730613,  246.70138655]), array([42.26497202, 17.86327859]), array([-27.97290229,   7.82483263]))
You are given a chronological sequence of observations for a financial asset.
Each row reports the 1-period log return log_r and the realized variance rv 
where rv = log_r^2.
The log returns are scaled as log_ret*1e4 and the realized Variances are scales as rv*1e6
It's arranged chronologically, [array([log_r_1, rv_1]), array([log_r_2, rv_2]), .....]
",0.0611177885820797
"(array([14.97982836,  2.24395258]), array([-55.68347519,  31.0064941 ]), array([44.20900463, 19.5443609 ]), array([-157.06730613,  246.70138655]), array([42.26497202, 17.86327859]), array([-27.97290229,   7.82483263]), array([-125.39677967,  157.24352352]))
You are given a chronological sequence of observations for a financial asset.
Each row reports the 1-period log return log_r and the realized variance rv 
where rv = log_r^2.
The log returns are scaled as log_ret*1e4 and the realized Variances are scales as rv*1e6
It's arranged chronologically, [array([log_r_1, rv_1]), array([log_r_2, rv_2]), .....]
",0.00564573
"(array([-55.68347519,  31.0064941 ]), array([44.20900463, 19.5443609 ]), array([-157.06730613,  246.70138655]), array([42.26497202, 17.86327859]), array([-27.97290229,   7.82483263]), array([-125.39677967,  157.24352352]), array([74.14518494, 54.9750845 ]))
You are given a chronological sequence of observations for a financial asset.
Each row reports the 1-period log return log_r and the realized variance rv 
where rv = log_r^2.
The log returns are scaled as log_ret*1e4 and the realized Variances are scales as rv*1e6
It's arranged chronologically, [array([log_r_1, rv_1]), array([log_r_2, rv_2]), .....]
",19279.247373460174
"(array([44.20900463, 19.5443609 ]), array([-157.06730613,  246.70138655]), array([42.26497202, 17.86327859]), array([-27.97290229,   7.82483263]), array([-125.39677967,  157.24352352]), array([74.14518494, 54.9750845 ]), array([110.28847775, 121.63548323]))
You are given a chronological sequence of observations for a financial asset.
Each row reports the 1-period log return log_r and the realized variance rv 
where rv = log_r^2.
The log returns are scaled as log_ret*1e4 and the realized Variances are scales as rv*1e6
It's arranged chronologically, [array([log_r_1, rv_1]), array([log_r_2, rv_2]), .....]
",16280.1859921325
"(array([-157.06730613,  246.70138655]), array([42.26497202, 17.86327859]), array([-27.97290229,   7.82483263]), array([-125.39677967,  157.24352352]), array([74.14518494, 54.9750845 ]), array([110.28847775, 121.63548323]), array([11.08397748,  1.22854557]))
You are given a chronological sequence of observations for a financial asset.
Each row reports the 1-period log return log_r and the realized variance rv 
where rv = log_r^2.
The log returns are scaled as log_ret*1e4 and the realized Variances are scales as rv*1e6
It's arranged chronologically, [array([log_r_1, rv_1]), array([log_r_2, rv_2]), .....]
",10607.570458583044
"(array([42.26497202, 17.86327859]), array([-27.97290229,   7.82483263]), array([-125.39677967,  157.24352352]), array([74.14518494, 54.9750845 ]), array([110.28847775, 121.63548323]), array([11.08397748,  1.22854557]), array([-85.51788903,  73.13309344]))
You are given a chronological sequence of observations for a financial asset.
Each row reports the 1-period log return log_r and the realized variance rv 
where rv = log_r^2.
The log returns are scaled as log_ret*1e4 and the realized Variances are scales as rv*1e6
It's arranged chronologically, [array([log_r_1, rv_1]), array([log_r_2, rv_2]), .....]
",0.0224
"(array([-27.97290229,   7.82483263]), array([-125.39677967,  157.24352352]), array([74.14518494, 54.9750845 ]), array([110.28847775, 121.63548323]), array([11.08397748,  1.22854557]), array([-85.51788903,  73.13309344]), array([-111.1170557 ,  123.47000068]))
You are given a chronological sequence of observations for a financial asset.
Each row reports the 1-period log return log_r and the realized variance rv 
where rv = log_r^2.
The log returns are scaled as log_ret*1e4 and the realized Variances are scales as rv*1e6
It's arranged chronologically, [array([log_r_1, rv_1]), array([log_r_2, rv_2]), .....]
",3066.3243678406566
"(array([-125.39677967,  157.24352352]), array([74.14518494, 54.9750845 ]), array([110.28847775, 121.63548323]), array([11.08397748,  1.22854557]), array([-85.51788903,  73.13309344]), array([-111.1170557 ,  123.47000068]), array([171.03797314, 292.53988255]))
You are given a chronological sequence of observations for a financial asset.
Each row reports the 1-period log return log_r and the realized variance rv 
where rv = log_r^2.
The log returns are scaled as log_ret*1e4 and the realized Variances are scales as rv*1e6
It's arranged chronologically, [array([log_r_1, rv_1]), array([log_r_2, rv_2]), .....]
",222.24170713904354
"(array([74.14518494, 54.9750845 ]), array([110.28847775, 121.63548323]), array([11.08397748,  1.22854557]), array([-85.51788903,  73.13309344]), array([-111.1170557 ,  123.47000068]), array([171.03797314, 292.53988255]), array([-85.73801162,  73.51006636]))
You are given a chronological sequence of observations for a financial asset.
Each row reports the 1-period log return log_r and the realized variance rv 
where rv = log_r^2.
The log returns are scaled as log_ret*1e4 and the realized Variances are scales as rv*1e6
It's arranged chronologically, [array([log_r_1, rv_1]), array([log_r_2, rv_2]), .....]
",0.5376457072053094
"(array([110.28847775, 121.63548323]), array([11.08397748,  1.22854557]), array([-85.51788903,  73.13309344]), array([-111.1170557 ,  123.47000068]), array([171.03797314, 292.53988255]), array([-85.73801162,  73.51006636]), array([96.04562461, 92.24762006]))
You are given a chronological sequence of observations for a financial asset.
Each row reports the 1-period log return log_r and the realized variance rv 
where rv = log_r^2.
The log returns are scaled as log_ret*1e4 and the realized Variances are scales as rv*1e6
It's arranged chronologically, [array([log_r_1, rv_1]), array([log_r_2, rv_2]), .....]
",0.0313
"(array([11.08397748,  1.22854557]), array([-85.51788903,  73.13309344]), array([-111.1170557 ,  123.47000068]), array([171.03797314, 292.53988255]), array([-85.73801162,  73.51006636]), array([96.04562461, 92.24762006]), array([69.92037185, 48.88858399]))
You are given a chronological sequence of observations for a financial asset.
Each row reports the 1-period log return log_r and the realized variance rv 
where rv = log_r^2.
The log returns are scaled as log_ret*1e4 and the realized Variances are scales as rv*1e6
It's arranged chronologically, [array([log_r_1, rv_1]), array([log_r_2, rv_2]), .....]
",1920.2557697763293
"(array([-85.51788903,  73.13309344]), array([-111.1170557 ,  123.47000068]), array([171.03797314, 292.53988255]), array([-85.73801162,  73.51006636]), array([96.04562461, 92.24762006]), array([69.92037185, 48.88858399]), array([-149.97612816,  224.92839019]))
You are given a chronological sequence of observations for a financial asset.
Each row reports the 1-period log return log_r and the realized variance rv 
where rv = log_r^2.
The log returns are scaled as log_ret*1e4 and the realized Variances are scales as rv*1e6
It's arranged chronologically, [array([log_r_1, rv_1]), array([log_r_2, rv_2]), .....]
",14912.0618
"(array([-111.1170557 ,  123.47000068]), array([171.03797314, 292.53988255]), array([-85.73801162,  73.51006636]), array([96.04562461, 92.24762006]), array([69.92037185, 48.88858399]), array([-149.97612816,  224.92839019]), array([-223.70490393,  500.43884042]))
You are given a chronological sequence of observations for a financial asset.
Each row reports the 1-period log return log_r and the realized variance rv 
where rv = log_r^2.
The log returns are scaled as log_ret*1e4 and the realized Variances are scales as rv*1e6
It's arranged chronologically, [array([log_r_1, rv_1]), array([log_r_2, rv_2]), .....]
",27925.36640480976
"(array([171.03797314, 292.53988255]), array([-85.73801162,  73.51006636]), array([96.04562461, 92.24762006]), array([69.92037185, 48.88858399]), array([-149.97612816,  224.92839019]), array([-223.70490393,  500.43884042]), array([-8.9273371 ,  0.79697348]))
You are given a chronological sequence of observations for a financial asset.
Each row reports the 1-period log return log_r and the realized variance rv 
where rv = log_r^2.
The log returns are scaled as log_ret*1e4 and the realized Variances are scales as rv*1e6
It's arranged chronologically, [array([log_r_1, rv_1]), array([log_r_2, rv_2]), .....]
",0.0697
"(array([-85.73801162,  73.51006636]), array([96.04562461, 92.24762006]), array([69.92037185, 48.88858399]), array([-149.97612816,  224.92839019]), array([-223.70490393,  500.43884042]), array([-8.9273371 ,  0.79697348]), array([-82.60908306,  68.24260604]))
You are given a chronological sequence of observations for a financial asset.
Each row reports the 1-period log return log_r and the realized variance rv 
where rv = log_r^2.
The log returns are scaled as log_ret*1e4 and the realized Variances are scales as rv*1e6
It's arranged chronologically, [array([log_r_1, rv_1]), array([log_r_2, rv_2]), .....]
",0.01608417627458307
"(array([96.04562461, 92.24762006]), array([69.92037185, 48.88858399]), array([-149.97612816,  224.92839019]), array([-223.70490393,  500.43884042]), array([-8.9273371 ,  0.79697348]), array([-82.60908306,  68.24260604]), array([42.21084446, 17.8175539 ]))
You are given a chronological sequence of observations for a financial asset.
Each row reports the 1-period log return log_r and the realized variance rv 
where rv = log_r^2.
The log returns are scaled as log_ret*1e4 and the realized Variances are scales as rv*1e6
It's arranged chronologically, [array([log_r_1, rv_1]), array([log_r_2, rv_2]), .....]
",149.7167171153953
"(array([69.92037185, 48.88858399]), array([-149.97612816,  224.92839019]), array([-223.70490393,  500.43884042]), array([-8.9273371 ,  0.79697348]), array([-82.60908306,  68.24260604]), array([42.21084446, 17.8175539 ]), array([110.65797363, 122.45187129]))
You are given a chronological sequence of observations for a financial asset.
Each row reports the 1-period log return log_r and the realized variance rv 
where rv = log_r^2.
The log returns are scaled as log_ret*1e4 and the realized Variances are scales as rv*1e6
It's arranged chronologically, [array([log_r_1, rv_1]), array([log_r_2, rv_2]), .....]
",1898.06224516
"(array([-149.97612816,  224.92839019]), array([-223.70490393,  500.43884042]), array([-8.9273371 ,  0.79697348]), array([-82.60908306,  68.24260604]), array([42.21084446, 17.8175539 ]), array([110.65797363, 122.45187129]), array([68.59104589, 47.04731576]))
You are given a chronological sequence of observations for a financial asset.
Each row reports the 1-period log return log_r and the realized variance rv 
where rv = log_r^2.
The log returns are scaled as log_ret*1e4 and the realized Variances are scales as rv*1e6
It's arranged chronologically, [array([log_r_1, rv_1]), array([log_r_2, rv_2]), .....]
",0.00016232693651721495
"(array([-223.70490393,  500.43884042]), array([-8.9273371 ,  0.79697348]), array([-82.60908306,  68.24260604]), array([42.21084446, 17.8175539 ]), array([110.65797363, 122.45187129]), array([68.59104589, 47.04731576]), array([-51.18090804,  26.19485348]))
You are given a chronological sequence of observations for a financial asset.
Each row reports the 1-period log return log_r and the realized variance rv 
where rv = log_r^2.
The log returns are scaled as log_ret*1e4 and the realized Variances are scales as rv*1e6
It's arranged chronologically, [array([log_r_1, rv_1]), array([log_r_2, rv_2]), .....]
",6.243758826459871
"(array([-8.9273371 ,  0.79697348]), array([-82.60908306,  68.24260604]), array([42.21084446, 17.8175539 ]), array([110.65797363, 122.45187129]), array([68.59104589, 47.04731576]), array([-51.18090804,  26.19485348]), array([66.67623465, 44.45720268]))
You are given a chronological sequence of observations for a financial asset.
Each row reports the 1-period log return log_r and the realized variance rv 
where rv = log_r^2.
The log returns are scaled as log_ret*1e4 and the realized Variances are scales as rv*1e6
It's arranged chronologically, [array([log_r_1, rv_1]), array([log_r_2, rv_2]), .....]
",0.3536
"(array([-82.60908306,  68.24260604]), array([42.21084446, 17.8175539 ]), array([110.65797363, 122.45187129]), array([68.59104589, 47.04731576]), array([-51.18090804,  26.19485348]), array([66.67623465, 44.45720268]), array([-4.39823211,  0.19344446]))
You are given a chronological sequence of observations for a financial asset.
Each row reports the 1-period log return log_r and the realized variance rv 
where rv = log_r^2.
The log returns are scaled as log_ret*1e4 and the realized Variances are scales as rv*1e6
It's arranged chronologically, [array([log_r_1, rv_1]), array([log_r_2, rv_2]), .....]
",64.0596124498849
"(array([42.21084446, 17.8175539 ]), array([110.65797363, 122.45187129]), array([68.59104589, 47.04731576]), array([-51.18090804,  26.19485348]), array([66.67623465, 44.45720268]), array([-4.39823211,  0.19344446]), array([15.47815413,  2.39573255]))
You are given a chronological sequence of observations for a financial asset.
Each row reports the 1-period log return log_r and the realized variance rv 
where rv = log_r^2.
The log returns are scaled as log_ret*1e4 and the realized Variances are scales as rv*1e6
It's arranged chronologically, [array([log_r_1, rv_1]), array([log_r_2, rv_2]), .....]
",4.174416481702387
"(array([110.65797363, 122.45187129]), array([68.59104589, 47.04731576]), array([-51.18090804,  26.19485348]), array([66.67623465, 44.45720268]), array([-4.39823211,  0.19344446]), array([15.47815413,  2.39573255]), array([75.13016649, 56.44541917]))
You are given a chronological sequence of observations for a financial asset.
Each row reports the 1-period log return log_r and the realized variance rv 
where rv = log_r^2.
The log returns are scaled as log_ret*1e4 and the realized Variances are scales as rv*1e6
It's arranged chronologically, [array([log_r_1, rv_1]), array([log_r_2, rv_2]), .....]
",4131.9541064
"(array([68.59104589, 47.04731576]), array([-51.18090804,  26.19485348]), array([66.67623465, 44.45720268]), array([-4.39823211,  0.19344446]), array([15.47815413,  2.39573255]), array([75.13016649, 56.44541917]), array([41.72736252, 17.41172783]))
You are given a chronological sequence of observations for a financial asset.
Each row reports the 1-period log return log_r and the realized variance rv 
where rv = log_r^2.
The log returns are scaled as log_ret*1e4 and the realized Variances are scales as rv*1e6
It's arranged chronologically, [array([log_r_1, rv_1]), array([log_r_2, rv_2]), .....]
",0.0172
"(array([-51.18090804,  26.19485348]), array([66.67623465, 44.45720268]), array([-4.39823211,  0.19344446]), array([15.47815413,  2.39573255]), array([75.13016649, 56.44541917]), array([41.72736252, 17.41172783]), array([48.73669619, 23.75265556]))
You are given a chronological sequence of observations for a financial asset.
Each row reports the 1-period log return log_r and the realized variance rv 
where rv = log_r^2.
The log returns are scaled as log_ret*1e4 and the realized Variances are scales as rv*1e6
It's arranged chronologically, [array([log_r_1, rv_1]), array([log_r_2, rv_2]), .....]
",4.22656984
"(array([66.67623465, 44.45720268]), array([-4.39823211,  0.19344446]), array([15.47815413,  2.39573255]), array([75.13016649, 56.44541917]), array([41.72736252, 17.41172783]), array([48.73669619, 23.75265556]), array([54.55391993, 29.7613018 ]))
You are given a chronological sequence of observations for a financial asset.
Each row reports the 1-period log return log_r and the realized variance rv 
where rv = log_r^2.
The log returns are scaled as log_ret*1e4 and the realized Variances are scales as rv*1e6
It's arranged chronologically, [array([log_r_1, rv_1]), array([log_r_2, rv_2]), .....]
",3383.872655835765
"(array([-4.39823211,  0.19344446]), array([15.47815413,  2.39573255]), array([75.13016649, 56.44541917]), array([41.72736252, 17.41172783]), array([48.73669619, 23.75265556]), array([54.55391993, 29.7613018 ]), array([91.68628463, 84.06374789]))
You are given a chronological sequence of observations for a financial asset.
Each row reports the 1-period log return log_r and the realized variance rv 
where rv = log_r^2.
The log returns are scaled as log_ret*1e4 and the realized Variances are scales as rv*1e6
It's arranged chronologically, [array([log_r_1, rv_1]), array([log_r_2, rv_2]), .....]
",0.00263
"(array([15.47815413,  2.39573255]), array([75.13016649, 56.44541917]), array([41.72736252, 17.41172783]), array([48.73669619, 23.75265556]), array([54.55391993, 29.7613018 ]), array([91.68628463, 84.06374789]), array([34.18172303, 11.68390189]))
You are given a chronological sequence of observations for a financial asset.
Each row reports the 1-period log return log_r and the realized variance rv 
where rv = log_r^2.
The log returns are scaled as log_ret*1e4 and the realized Variances are scales as rv*1e6
It's arranged chronologically, [array([log_r_1, rv_1]), array([log_r_2, rv_2]), .....]
",29.1971621164
"(array([75.13016649, 56.44541917]), array([41.72736252, 17.41172783]), array([48.73669619, 23.75265556]), array([54.55391993, 29.7613018 ]), array([91.68628463, 84.06374789]), array([34.18172303, 11.68390189]), array([14.86935843,  2.2109782 ]))
You are given a chronological sequence of observations for a financial asset.
Each row reports the 1-period log return log_r and the realized variance rv 
where rv = log_r^2.
The log returns are scaled as log_ret*1e4 and the realized Variances are scales as rv*1e6
It's arranged chronologically, [array([log_r_1, rv_1]), array([log_r_2, rv_2]), .....]
",0.0021
"(array([41.72736252, 17.41172783]), array([48.73669619, 23.75265556]), array([54.55391993, 29.7613018 ]), array([91.68628463, 84.06374789]), array([34.18172303, 11.68390189]), array([14.86935843,  2.2109782 ]), array([39.72217602, 15.77851268]))
You are given a chronological sequence of observations for a financial asset.
Each row reports the 1-period log return log_r and the realized variance rv 
where rv = log_r^2.
The log returns are scaled as log_ret*1e4 and the realized Variances are scales as rv*1e6
It's arranged chronologically, [array([log_r_1, rv_1]), array([log_r_2, rv_2]), .....]
",0.002480798569934451
"(array([48.73669619, 23.75265556]), array([54.55391993, 29.7613018 ]), array([91.68628463, 84.06374789]), array([34.18172303, 11.68390189]), array([14.86935843,  2.2109782 ]), array([39.72217602, 15.77851268]), array([-32.08708525,  10.2958104 ]))
You are given a chronological sequence of observations for a financial asset.
Each row reports the 1-period log return log_r and the realized variance rv 
where rv = log_r^2.
The log returns are scaled as log_ret*1e4 and the realized Variances are scales as rv*1e6
It's arranged chronologically, [array([log_r_1, rv_1]), array([log_r_2, rv_2]), .....]
",0.008142441159152584
"(array([54.55391993, 29.7613018 ]), array([91.68628463, 84.06374789]), array([34.18172303, 11.68390189]), array([14.86935843,  2.2109782 ]), array([39.72217602, 15.77851268]), array([-32.08708525,  10.2958104 ]), array([11.97772644,  1.43465931]))
You are given a chronological sequence of observations for a financial asset.
Each row reports the 1-period log return log_r and the realized variance rv 
where rv = log_r^2.
The log returns are scaled as log_ret*1e4 and the realized Variances are scales as rv*1e6
It's arranged chronologically, [array([log_r_1, rv_1]), array([log_r_2, rv_2]), .....]
",1.2345
"(array([91.68628463, 84.06374789]), array([34.18172303, 11.68390189]), array([14.86935843,  2.2109782 ]), array([39.72217602, 15.77851268]), array([-32.08708525,  10.2958104 ]), array([11.97772644,  1.43465931]), array([37.33077701, 13.93586912]))
You are given a chronological sequence of observations for a financial asset.
Each row reports the 1-period log return log_r and the realized variance rv 
where rv = log_r^2.
The log returns are scaled as log_ret*1e4 and the realized Variances are scales as rv*1e6
It's arranged chronologically, [array([log_r_1, rv_1]), array([log_r_2, rv_2]), .....]
",10.27891342
"(array([34.18172303, 11.68390189]), array([14.86935843,  2.2109782 ]), array([39.72217602, 15.77851268]), array([-32.08708525,  10.2958104 ]), array([11.97772644,  1.43465931]), array([37.33077701, 13.93586912]), array([57.62408936, 33.20535674]))
You are given a chronological sequence of observations for a financial asset.
Each row reports the 1-period log return log_r and the realized variance rv 
where rv = log_r^2.
The log returns are scaled as log_ret*1e4 and the realized Variances are scales as rv*1e6
It's arranged chronologically, [array([log_r_1, rv_1]), array([log_r_2, rv_2]), .....]
",2154.26854208
"(array([14.86935843,  2.2109782 ]), array([39.72217602, 15.77851268]), array([-32.08708525,  10.2958104 ]), array([11.97772644,  1.43465931]), array([37.33077701, 13.93586912]), array([57.62408936, 33.20535674]), array([10.49509834,  1.10147089]))
You are given a chronological sequence of observations for a financial asset.
Each row reports the 1-period log return log_r and the realized variance rv 
where rv = log_r^2.
The log returns are scaled as log_ret*1e4 and the realized Variances are scales as rv*1e6
It's arranged chronologically, [array([log_r_1, rv_1]), array([log_r_2, rv_2]), .....]
",0.1566
"(array([39.72217602, 15.77851268]), array([-32.08708525,  10.2958104 ]), array([11.97772644,  1.43465931]), array([37.33077701, 13.93586912]), array([57.62408936, 33.20535674]), array([10.49509834,  1.10147089]), array([-14.80245484,   2.19112669]))
You are given a chronological sequence of observations for a financial asset.
Each row reports the 1-period log return log_r and the realized variance rv 
where rv = log_r^2.
The log returns are scaled as log_ret*1e4 and the realized Variances are scales as rv*1e6
It's arranged chronologically, [array([log_r_1, rv_1]), array([log_r_2, rv_2]), .....]
",0.2325
"(array([-32.08708525,  10.2958104 ]), array([11.97772644,  1.43465931]), array([37.33077701, 13.93586912]), array([57.62408936, 33.20535674]), array([10.49509834,  1.10147089]), array([-14.80245484,   2.19112669]), array([-38.37595956,  14.72714272]))
You are given a chronological sequence of observations for a financial asset.
Each row reports the 1-period log return log_r and the realized variance rv 
where rv = log_r^2.
The log returns are scaled as log_ret*1e4 and the realized Variances are scales as rv*1e6
It's arranged chronologically, [array([log_r_1, rv_1]), array([log_r_2, rv_2]), .....]
",21.96738804407744
"(array([11.97772644,  1.43465931]), array([37.33077701, 13.93586912]), array([57.62408936, 33.20535674]), array([10.49509834,  1.10147089]), array([-14.80245484,   2.19112669]), array([-38.37595956,  14.72714272]), array([17.87585638,  3.19546241]))
You are given a chronological sequence of observations for a financial asset.
Each row reports the 1-period log return log_r and the realized variance rv 
where rv = log_r^2.
The log returns are scaled as log_ret*1e4 and the realized Variances are scales as rv*1e6
It's arranged chronologically, [array([log_r_1, rv_1]), array([log_r_2, rv_2]), .....]
",7.857348444919108
"(array([37.33077701, 13.93586912]), array([57.62408936, 33.20535674]), array([10.49509834,  1.10147089]), array([-14.80245484,   2.19112669]), array([-38.37595956,  14.72714272]), array([17.87585638,  3.19546241]), array([6.91683568, 0.47842616]))
You are given a chronological sequence of observations for a financial asset.
Each row reports the 1-period log return log_r and the realized variance rv 
where rv = log_r^2.
The log returns are scaled as log_ret*1e4 and the realized Variances are scales as rv*1e6
It's arranged chronologically, [array([log_r_1, rv_1]), array([log_r_2, rv_2]), .....]
",0.0005243497
"(array([57.62408936, 33.20535674]), array([10.49509834,  1.10147089]), array([-14.80245484,   2.19112669]), array([-38.37595956,  14.72714272]), array([17.87585638,  3.19546241]), array([6.91683568, 0.47842616]), array([-21.83090501,   4.76588414]))
You are given a chronological sequence of observations for a financial asset.
Each row reports the 1-period log return log_r and the realized variance rv 
where rv = log_r^2.
The log returns are scaled as log_ret*1e4 and the realized Variances are scales as rv*1e6
It's arranged chronologically, [array([log_r_1, rv_1]), array([log_r_2, rv_2]), .....]
",0.0179
"(array([10.49509834,  1.10147089]), array([-14.80245484,   2.19112669]), array([-38.37595956,  14.72714272]), array([17.87585638,  3.19546241]), array([6.91683568, 0.47842616]), array([-21.83090501,   4.76588414]), array([5.98013547, 0.3576202 ]))
You are given a chronological sequence of observations for a financial asset.
Each row reports the 1-period log return log_r and the realized variance rv 
where rv = log_r^2.
The log returns are scaled as log_ret*1e4 and the realized Variances are scales as rv*1e6
It's arranged chronologically, [array([log_r_1, rv_1]), array([log_r_2, rv_2]), .....]
",0.0132
"(array([-14.80245484,   2.19112669]), array([-38.37595956,  14.72714272]), array([17.87585638,  3.19546241]), array([6.91683568, 0.47842616]), array([-21.83090501,   4.76588414]), array([5.98013547, 0.3576202 ]), array([4.02421637, 0.16194317]))
You are given a chronological sequence of observations for a financial asset.
Each row reports the 1-period log return log_r and the realized variance rv 
where rv = log_r^2.
The log returns are scaled as log_ret*1e4 and the realized Variances are scales as rv*1e6
It's arranged chronologically, [array([log_r_1, rv_1]), array([log_r_2, rv_2]), .....]
",0.6351
"(array([-38.37595956,  14.72714272]), array([17.87585638,  3.19546241]), array([6.91683568, 0.47842616]), array([-21.83090501,   4.76588414]), array([5.98013547, 0.3576202 ]), array([4.02421637, 0.16194317]), array([93.22662889, 86.91204333]))
You are given a chronological sequence of observations for a financial asset.
Each row reports the 1-period log return log_r and the realized variance rv 
where rv = log_r^2.
The log returns are scaled as log_ret*1e4 and the realized Variances are scales as rv*1e6
It's arranged chronologically, [array([log_r_1, rv_1]), array([log_r_2, rv_2]), .....]
",0.75028
"(array([17.87585638,  3.19546241]), array([6.91683568, 0.47842616]), array([-21.83090501,   4.76588414]), array([5.98013547, 0.3576202 ]), array([4.02421637, 0.16194317]), array([93.22662889, 86.91204333]), array([9.84309715, 0.96886562]))
You are given a chronological sequence of observations for a financial asset.
Each row reports the 1-period log return log_r and the realized variance rv 
where rv = log_r^2.
The log returns are scaled as log_ret*1e4 and the realized Variances are scales as rv*1e6
It's arranged chronologically, [array([log_r_1, rv_1]), array([log_r_2, rv_2]), .....]
",0.000756
"(array([6.91683568, 0.47842616]), array([-21.83090501,   4.76588414]), array([5.98013547, 0.3576202 ]), array([4.02421637, 0.16194317]), array([93.22662889, 86.91204333]), array([9.84309715, 0.96886562]), array([-15.70668677,   2.46700009]))
You are given a chronological sequence of observations for a financial asset.
Each row reports the 1-period log return log_r and the realized variance rv 
where rv = log_r^2.
The log returns are scaled as log_ret*1e4 and the realized Variances are scales as rv*1e6
It's arranged chronologically, [array([log_r_1, rv_1]), array([log_r_2, rv_2]), .....]
",1.2716824944821443
"(array([-21.83090501,   4.76588414]), array([5.98013547, 0.3576202 ]), array([4.02421637, 0.16194317]), array([93.22662889, 86.91204333]), array([9.84309715, 0.96886562]), array([-15.70668677,   2.46700009]), array([-51.80734125,  26.84000607]))
You are given a chronological sequence of observations for a financial asset.
Each row reports the 1-period log return log_r and the realized variance rv 
where rv = log_r^2.
The log returns are scaled as log_ret*1e4 and the realized Variances are scales as rv*1e6
It's arranged chronologically, [array([log_r_1, rv_1]), array([log_r_2, rv_2]), .....]
",1.0238416104809271
"(array([5.98013547, 0.3576202 ]), array([4.02421637, 0.16194317]), array([93.22662889, 86.91204333]), array([9.84309715, 0.96886562]), array([-15.70668677,   2.46700009]), array([-51.80734125,  26.84000607]), array([-15.45887187,   2.38976719]))
You are given a chronological sequence of observations for a financial asset.
Each row reports the 1-period log return log_r and the realized variance rv 
where rv = log_r^2.
The log returns are scaled as log_ret*1e4 and the realized Variances are scales as rv*1e6
It's arranged chronologically, [array([log_r_1, rv_1]), array([log_r_2, rv_2]), .....]
",0.0678
"(array([4.02421637, 0.16194317]), array([93.22662889, 86.91204333]), array([9.84309715, 0.96886562]), array([-15.70668677,   2.46700009]), array([-51.80734125,  26.84000607]), array([-15.45887187,   2.38976719]), array([14.81031564,  2.19345449]))
You are given a chronological sequence of observations for a financial asset.
Each row reports the 1-period log return log_r and the realized variance rv 
where rv = log_r^2.
The log returns are scaled as log_ret*1e4 and the realized Variances are scales as rv*1e6
It's arranged chronologically, [array([log_r_1, rv_1]), array([log_r_2, rv_2]), .....]
",3.4789140417860405
"(array([93.22662889, 86.91204333]), array([9.84309715, 0.96886562]), array([-15.70668677,   2.46700009]), array([-51.80734125,  26.84000607]), array([-15.45887187,   2.38976719]), array([14.81031564,  2.19345449]), array([-8.84814866,  0.78289735]))
You are given a chronological sequence of observations for a financial asset.
Each row reports the 1-period log return log_r and the realized variance rv 
where rv = log_r^2.
The log returns are scaled as log_ret*1e4 and the realized Variances are scales as rv*1e6
It's arranged chronologically, [array([log_r_1, rv_1]), array([log_r_2, rv_2]), .....]
",4.9532
"(array([9.84309715, 0.96886562]), array([-15.70668677,   2.46700009]), array([-51.80734125,  26.84000607]), array([-15.45887187,   2.38976719]), array([14.81031564,  2.19345449]), array([-8.84814866,  0.78289735]), array([-25.46733317,   6.48585059]))
You are given a chronological sequence of observations for a financial asset.
Each row reports the 1-period log return log_r and the realized variance rv 
where rv = log_r^2.
The log returns are scaled as log_ret*1e4 and the realized Variances are scales as rv*1e6
It's arranged chronologically, [array([log_r_1, rv_1]), array([log_r_2, rv_2]), .....]
",0.00204870308208169
"(array([-15.70668677,   2.46700009]), array([-51.80734125,  26.84000607]), array([-15.45887187,   2.38976719]), array([14.81031564,  2.19345449]), array([-8.84814866,  0.78289735]), array([-25.46733317,   6.48585059]), array([21.45359195,  4.60256608]))
You are given a chronological sequence of observations for a financial asset.
Each row reports the 1-period log return log_r and the realized variance rv 
where rv = log_r^2.
The log returns are scaled as log_ret*1e4 and the realized Variances are scales as rv*1e6
It's arranged chronologically, [array([log_r_1, rv_1]), array([log_r_2, rv_2]), .....]
",0.0283
"(array([-51.80734125,  26.84000607]), array([-15.45887187,   2.38976719]), array([14.81031564,  2.19345449]), array([-8.84814866,  0.78289735]), array([-25.46733317,   6.48585059]), array([21.45359195,  4.60256608]), array([-77.10421733,  59.4506033 ]))
You are given a chronological sequence of observations for a financial asset.
Each row reports the 1-period log return log_r and the realized variance rv 
where rv = log_r^2.
The log returns are scaled as log_ret*1e4 and the realized Variances are scales as rv*1e6
It's arranged chronologically, [array([log_r_1, rv_1]), array([log_r_2, rv_2]), .....]
",5363.404355246732
"(array([-15.45887187,   2.38976719]), array([14.81031564,  2.19345449]), array([-8.84814866,  0.78289735]), array([-25.46733317,   6.48585059]), array([21.45359195,  4.60256608]), array([-77.10421733,  59.4506033 ]), array([-121.68957198,  148.08351929]))
You are given a chronological sequence of observations for a financial asset.
Each row reports the 1-period log return log_r and the realized variance rv 
where rv = log_r^2.
The log returns are scaled as log_ret*1e4 and the realized Variances are scales as rv*1e6
It's arranged chronologically, [array([log_r_1, rv_1]), array([log_r_2, rv_2]), .....]
",3489.778656129137
"(array([14.81031564,  2.19345449]), array([-8.84814866,  0.78289735]), array([-25.46733317,   6.48585059]), array([21.45359195,  4.60256608]), array([-77.10421733,  59.4506033 ]), array([-121.68957198,  148.08351929]), array([-43.27325897,  18.72574942]))
You are given a chronological sequence of observations for a financial asset.
Each row reports the 1-period log return log_r and the realized variance rv 
where rv = log_r^2.
The log returns are scaled as log_ret*1e4 and the realized Variances are scales as rv*1e6
It's arranged chronologically, [array([log_r_1, rv_1]), array([log_r_2, rv_2]), .....]
",8690.512578405847
"(array([-8.84814866,  0.78289735]), array([-25.46733317,   6.48585059]), array([21.45359195,  4.60256608]), array([-77.10421733,  59.4506033 ]), array([-121.68957198,  148.08351929]), array([-43.27325897,  18.72574942]), array([-36.41710961,  13.26205873]))
You are given a chronological sequence of observations for a financial asset.
Each row reports the 1-period log return log_r and the realized variance rv 
where rv = log_r^2.
The log returns are scaled as log_ret*1e4 and the realized Variances are scales as rv*1e6
It's arranged chronologically, [array([log_r_1, rv_1]), array([log_r_2, rv_2]), .....]
",1835.3468
"(array([-25.46733317,   6.48585059]), array([21.45359195,  4.60256608]), array([-77.10421733,  59.4506033 ]), array([-121.68957198,  148.08351929]), array([-43.27325897,  18.72574942]), array([-36.41710961,  13.26205873]), array([36.41710961, 13.26205873]))
You are given a chronological sequence of observations for a financial asset.
Each row reports the 1-period log return log_r and the realized variance rv 
where rv = log_r^2.
The log returns are scaled as log_ret*1e4 and the realized Variances are scales as rv*1e6
It's arranged chronologically, [array([log_r_1, rv_1]), array([log_r_2, rv_2]), .....]
",0.0221
"(array([21.45359195,  4.60256608]), array([-77.10421733,  59.4506033 ]), array([-121.68957198,  148.08351929]), array([-43.27325897,  18.72574942]), array([-36.41710961,  13.26205873]), array([36.41710961, 13.26205873]), array([-108.97898499,  118.76419169]))
You are given a chronological sequence of observations for a financial asset.
Each row reports the 1-period log return log_r and the realized variance rv 
where rv = log_r^2.
The log returns are scaled as log_ret*1e4 and the realized Variances are scales as rv*1e6
It's arranged chronologically, [array([log_r_1, rv_1]), array([log_r_2, rv_2]), .....]
",527.4737
"(array([-77.10421733,  59.4506033 ]), array([-121.68957198,  148.08351929]), array([-43.27325897,  18.72574942]), array([-36.41710961,  13.26205873]), array([36.41710961, 13.26205873]), array([-108.97898499,  118.76419169]), array([145.68580065, 212.24352512]))
You are given a chronological sequence of observations for a financial asset.
Each row reports the 1-period log return log_r and the realized variance rv 
where rv = log_r^2.
The log returns are scaled as log_ret*1e4 and the realized Variances are scales as rv*1e6
It's arranged chronologically, [array([log_r_1, rv_1]), array([log_r_2, rv_2]), .....]
",20734.06704032
"(array([-121.68957198,  148.08351929]), array([-43.27325897,  18.72574942]), array([-36.41710961,  13.26205873]), array([36.41710961, 13.26205873]), array([-108.97898499,  118.76419169]), array([145.68580065, 212.24352512]), array([28.28328479,  7.99944198]))
You are given a chronological sequence of observations for a financial asset.
Each row reports the 1-period log return log_r and the realized variance rv 
where rv = log_r^2.
The log returns are scaled as log_ret*1e4 and the realized Variances are scales as rv*1e6
It's arranged chronologically, [array([log_r_1, rv_1]), array([log_r_2, rv_2]), .....]
",220.78173532356817
"(array([-43.27325897,  18.72574942]), array([-36.41710961,  13.26205873]), array([36.41710961, 13.26205873]), array([-108.97898499,  118.76419169]), array([145.68580065, 212.24352512]), array([28.28328479,  7.99944198]), array([-6.0110244 ,  0.36132414]))
You are given a chronological sequence of observations for a financial asset.
Each row reports the 1-period log return log_r and the realized variance rv 
where rv = log_r^2.
The log returns are scaled as log_ret*1e4 and the realized Variances are scales as rv*1e6
It's arranged chronologically, [array([log_r_1, rv_1]), array([log_r_2, rv_2]), .....]
",15961.168679457027
"(array([-36.41710961,  13.26205873]), array([36.41710961, 13.26205873]), array([-108.97898499,  118.76419169]), array([145.68580065, 212.24352512]), array([28.28328479,  7.99944198]), array([-6.0110244 ,  0.36132414]), array([-200.29577304,  401.18396697]))
You are given a chronological sequence of observations for a financial asset.
Each row reports the 1-period log return log_r and the realized variance rv 
where rv = log_r^2.
The log returns are scaled as log_ret*1e4 and the realized Variances are scales as rv*1e6
It's arranged chronologically, [array([log_r_1, rv_1]), array([log_r_2, rv_2]), .....]
",48917.50686028044
"(array([36.41710961, 13.26205873]), array([-108.97898499,  118.76419169]), array([145.68580065, 212.24352512]), array([28.28328479,  7.99944198]), array([-6.0110244 ,  0.36132414]), array([-200.29577304,  401.18396697]), array([16.54939451,  2.73882459]))
You are given a chronological sequence of observations for a financial asset.
Each row reports the 1-period log return log_r and the realized variance rv 
where rv = log_r^2.
The log returns are scaled as log_ret*1e4 and the realized Variances are scales as rv*1e6
It's arranged chronologically, [array([log_r_1, rv_1]), array([log_r_2, rv_2]), .....]
",58372.40630028561
"(array([-108.97898499,  118.76419169]), array([145.68580065, 212.24352512]), array([28.28328479,  7.99944198]), array([-6.0110244 ,  0.36132414]), array([-200.29577304,  401.18396697]), array([16.54939451,  2.73882459]), array([49.36260306, 24.36666581]))
You are given a chronological sequence of observations for a financial asset.
Each row reports the 1-period log return log_r and the realized variance rv 
where rv = log_r^2.
The log returns are scaled as log_ret*1e4 and the realized Variances are scales as rv*1e6
It's arranged chronologically, [array([log_r_1, rv_1]), array([log_r_2, rv_2]), .....]
",1085541.1856
"(array([145.68580065, 212.24352512]), array([28.28328479,  7.99944198]), array([-6.0110244 ,  0.36132414]), array([-200.29577304,  401.18396697]), array([16.54939451,  2.73882459]), array([49.36260306, 24.36666581]), array([-39.50727962,  15.60825143]))
You are given a chronological sequence of observations for a financial asset.
Each row reports the 1-period log return log_r and the realized variance rv 
where rv = log_r^2.
The log returns are scaled as log_ret*1e4 and the realized Variances are scales as rv*1e6
It's arranged chronologically, [array([log_r_1, rv_1]), array([log_r_2, rv_2]), .....]
",48.18785862330781
"(array([28.28328479,  7.99944198]), array([-6.0110244 ,  0.36132414]), array([-200.29577304,  401.18396697]), array([16.54939451,  2.73882459]), array([49.36260306, 24.36666581]), array([-39.50727962,  15.60825143]), array([80.3158434 , 64.50634701]))
You are given a chronological sequence of observations for a financial asset.
Each row reports the 1-period log return log_r and the realized variance rv 
where rv = log_r^2.
The log returns are scaled as log_ret*1e4 and the realized Variances are scales as rv*1e6
It's arranged chronologically, [array([log_r_1, rv_1]), array([log_r_2, rv_2]), .....]
",5640.971845929351
"(array([-6.0110244 ,  0.36132414]), array([-200.29577304,  401.18396697]), array([16.54939451,  2.73882459]), array([49.36260306, 24.36666581]), array([-39.50727962,  15.60825143]), array([80.3158434 , 64.50634701]), array([-51.66209102,  26.68971649]))
You are given a chronological sequence of observations for a financial asset.
Each row reports the 1-period log return log_r and the realized variance rv 
where rv = log_r^2.
The log returns are scaled as log_ret*1e4 and the realized Variances are scales as rv*1e6
It's arranged chronologically, [array([log_r_1, rv_1]), array([log_r_2, rv_2]), .....]
",2508.0719947746184
"(array([-200.29577304,  401.18396697]), array([16.54939451,  2.73882459]), array([49.36260306, 24.36666581]), array([-39.50727962,  15.60825143]), array([80.3158434 , 64.50634701]), array([-51.66209102,  26.68971649]), array([104.93033722, 110.10375669]))
You are given a chronological sequence of observations for a financial asset.
Each row reports the 1-period log return log_r and the realized variance rv 
where rv = log_r^2.
The log returns are scaled as log_ret*1e4 and the realized Variances are scales as rv*1e6
It's arranged chronologically, [array([log_r_1, rv_1]), array([log_r_2, rv_2]), .....]
",0.004950899999999999
"(array([16.54939451,  2.73882459]), array([49.36260306, 24.36666581]), array([-39.50727962,  15.60825143]), array([80.3158434 , 64.50634701]), array([-51.66209102,  26.68971649]), array([104.93033722, 110.10375669]), array([-4.89126014,  0.23924426]))
You are given a chronological sequence of observations for a financial asset.
Each row reports the 1-period log return log_r and the realized variance rv 
where rv = log_r^2.
The log returns are scaled as log_ret*1e4 and the realized Variances are scales as rv*1e6
It's arranged chronologically, [array([log_r_1, rv_1]), array([log_r_2, rv_2]), .....]
",0.0324
"(array([49.36260306, 24.36666581]), array([-39.50727962,  15.60825143]), array([80.3158434 , 64.50634701]), array([-51.66209102,  26.68971649]), array([104.93033722, 110.10375669]), array([-4.89126014,  0.23924426]), array([0.12080067, 0.00014593]))
You are given a chronological sequence of observations for a financial asset.
Each row reports the 1-period log return log_r and the realized variance rv 
where rv = log_r^2.
The log returns are scaled as log_ret*1e4 and the realized Variances are scales as rv*1e6
It's arranged chronologically, [array([log_r_1, rv_1]), array([log_r_2, rv_2]), .....]
",2.93477e-05
"(array([-39.50727962,  15.60825143]), array([80.3158434 , 64.50634701]), array([-51.66209102,  26.68971649]), array([104.93033722, 110.10375669]), array([-4.89126014,  0.23924426]), array([0.12080067, 0.00014593]), array([108.3721897 , 117.44531501]))
You are given a chronological sequence of observations for a financial asset.
Each row reports the 1-period log return log_r and the realized variance rv 
where rv = log_r^2.
The log returns are scaled as log_ret*1e4 and the realized Variances are scales as rv*1e6
It's arranged chronologically, [array([log_r_1, rv_1]), array([log_r_2, rv_2]), .....]
",0.0018306048
"(array([80.3158434 , 64.50634701]), array([-51.66209102,  26.68971649]), array([104.93033722, 110.10375669]), array([-4.89126014,  0.23924426]), array([0.12080067, 0.00014593]), array([108.3721897 , 117.44531501]), array([54.75906942, 29.98555684]))
You are given a chronological sequence of observations for a financial asset.
Each row reports the 1-period log return log_r and the realized variance rv 
where rv = log_r^2.
The log returns are scaled as log_ret*1e4 and the realized Variances are scales as rv*1e6
It's arranged chronologically, [array([log_r_1, rv_1]), array([log_r_2, rv_2]), .....]
",0.0018130499999999999
"(array([-51.66209102,  26.68971649]), array([104.93033722, 110.10375669]), array([-4.89126014,  0.23924426]), array([0.12080067, 0.00014593]), array([108.3721897 , 117.44531501]), array([54.75906942, 29.98555684]), array([39.20143322, 15.36752367]))
You are given a chronological sequence of observations for a financial asset.
Each row reports the 1-period log return log_r and the realized variance rv 
where rv = log_r^2.
The log returns are scaled as log_ret*1e4 and the realized Variances are scales as rv*1e6
It's arranged chronologically, [array([log_r_1, rv_1]), array([log_r_2, rv_2]), .....]
",0.0559
"(array([104.93033722, 110.10375669]), array([-4.89126014,  0.23924426]), array([0.12080067, 0.00014593]), array([108.3721897 , 117.44531501]), array([54.75906942, 29.98555684]), array([39.20143322, 15.36752367]), array([-19.90769651,   3.9631638 ]))
You are given a chronological sequence of observations for a financial asset.
Each row reports the 1-period log return log_r and the realized variance rv 
where rv = log_r^2.
The log returns are scaled as log_ret*1e4 and the realized Variances are scales as rv*1e6
It's arranged chronologically, [array([log_r_1, rv_1]), array([log_r_2, rv_2]), .....]
",0.3117569081414534
"(array([-4.89126014,  0.23924426]), array([0.12080067, 0.00014593]), array([108.3721897 , 117.44531501]), array([54.75906942, 29.98555684]), array([39.20143322, 15.36752367]), array([-19.90769651,   3.9631638 ]), array([25.5883381 ,  6.54763047]))
You are given a chronological sequence of observations for a financial asset.
Each row reports the 1-period log return log_r and the realized variance rv 
where rv = log_r^2.
The log returns are scaled as log_ret*1e4 and the realized Variances are scales as rv*1e6
It's arranged chronologically, [array([log_r_1, rv_1]), array([log_r_2, rv_2]), .....]
",0.004338495286203414
"(array([0.12080067, 0.00014593]), array([108.3721897 , 117.44531501]), array([54.75906942, 29.98555684]), array([39.20143322, 15.36752367]), array([-19.90769651,   3.9631638 ]), array([25.5883381 ,  6.54763047]), array([30.71418751,  9.43361314]))
You are given a chronological sequence of observations for a financial asset.
Each row reports the 1-period log return log_r and the realized variance rv 
where rv = log_r^2.
The log returns are scaled as log_ret*1e4 and the realized Variances are scales as rv*1e6
It's arranged chronologically, [array([log_r_1, rv_1]), array([log_r_2, rv_2]), .....]
",0.001732735
"(array([108.3721897 , 117.44531501]), array([54.75906942, 29.98555684]), array([39.20143322, 15.36752367]), array([-19.90769651,   3.9631638 ]), array([25.5883381 ,  6.54763047]), array([30.71418751,  9.43361314]), array([59.97442612, 35.96931789]))
You are given a chronological sequence of observations for a financial asset.
Each row reports the 1-period log return log_r and the realized variance rv 
where rv = log_r^2.
The log returns are scaled as log_ret*1e4 and the realized Variances are scales as rv*1e6
It's arranged chronologically, [array([log_r_1, rv_1]), array([log_r_2, rv_2]), .....]
",752.556353623691
"(array([54.75906942, 29.98555684]), array([39.20143322, 15.36752367]), array([-19.90769651,   3.9631638 ]), array([25.5883381 ,  6.54763047]), array([30.71418751,  9.43361314]), array([59.97442612, 35.96931789]), array([122.23979937, 149.4256855 ]))
You are given a chronological sequence of observations for a financial asset.
Each row reports the 1-period log return log_r and the realized variance rv 
where rv = log_r^2.
The log returns are scaled as log_ret*1e4 and the realized Variances are scales as rv*1e6
It's arranged chronologically, [array([log_r_1, rv_1]), array([log_r_2, rv_2]), .....]
",25.529383211440024
"(array([39.20143322, 15.36752367]), array([-19.90769651,   3.9631638 ]), array([25.5883381 ,  6.54763047]), array([30.71418751,  9.43361314]), array([59.97442612, 35.96931789]), array([122.23979937, 149.4256855 ]), array([-22.26229838,   4.95609929]))
You are given a chronological sequence of observations for a financial asset.
Each row reports the 1-period log return log_r and the realized variance rv 
where rv = log_r^2.
The log returns are scaled as log_ret*1e4 and the realized Variances are scales as rv*1e6
It's arranged chronologically, [array([log_r_1, rv_1]), array([log_r_2, rv_2]), .....]
",10064.130490663645
"(array([-19.90769651,   3.9631638 ]), array([25.5883381 ,  6.54763047]), array([30.71418751,  9.43361314]), array([59.97442612, 35.96931789]), array([122.23979937, 149.4256855 ]), array([-22.26229838,   4.95609929]), array([-61.1277315 ,  37.36599558]))
You are given a chronological sequence of observations for a financial asset.
Each row reports the 1-period log return log_r and the realized variance rv 
where rv = log_r^2.
The log returns are scaled as log_ret*1e4 and the realized Variances are scales as rv*1e6
It's arranged chronologically, [array([log_r_1, rv_1]), array([log_r_2, rv_2]), .....]
",3.4693111066173667
"(array([25.5883381 ,  6.54763047]), array([30.71418751,  9.43361314]), array([59.97442612, 35.96931789]), array([122.23979937, 149.4256855 ]), array([-22.26229838,   4.95609929]), array([-61.1277315 ,  37.36599558]), array([-72.43817901,  52.47289779]))
You are given a chronological sequence of observations for a financial asset.
Each row reports the 1-period log return log_r and the realized variance rv 
where rv = log_r^2.
The log returns are scaled as log_ret*1e4 and the realized Variances are scales as rv*1e6
It's arranged chronologically, [array([log_r_1, rv_1]), array([log_r_2, rv_2]), .....]
",19.16778200855543
"(array([30.71418751,  9.43361314]), array([59.97442612, 35.96931789]), array([122.23979937, 149.4256855 ]), array([-22.26229838,   4.95609929]), array([-61.1277315 ,  37.36599558]), array([-72.43817901,  52.47289779]), array([-7.8260848 ,  0.61247603]))
You are given a chronological sequence of observations for a financial asset.
Each row reports the 1-period log return log_r and the realized variance rv 
where rv = log_r^2.
The log returns are scaled as log_ret*1e4 and the realized Variances are scales as rv*1e6
It's arranged chronologically, [array([log_r_1, rv_1]), array([log_r_2, rv_2]), .....]
",5.1168545752
"(array([59.97442612, 35.96931789]), array([122.23979937, 149.4256855 ]), array([-22.26229838,   4.95609929]), array([-61.1277315 ,  37.36599558]), array([-72.43817901,  52.47289779]), array([-7.8260848 ,  0.61247603]), array([-23.81009635,   5.66920688]))
You are given a chronological sequence of observations for a financial asset.
Each row reports the 1-period log return log_r and the realized variance rv 
where rv = log_r^2.
The log returns are scaled as log_ret*1e4 and the realized Variances are scales as rv*1e6
It's arranged chronologically, [array([log_r_1, rv_1]), array([log_r_2, rv_2]), .....]
",0.0518
"(array([122.23979937, 149.4256855 ]), array([-22.26229838,   4.95609929]), array([-61.1277315 ,  37.36599558]), array([-72.43817901,  52.47289779]), array([-7.8260848 ,  0.61247603]), array([-23.81009635,   5.66920688]), array([42.68817957, 18.22280675]))
You are given a chronological sequence of observations for a financial asset.
Each row reports the 1-period log return log_r and the realized variance rv 
where rv = log_r^2.
The log returns are scaled as log_ret*1e4 and the realized Variances are scales as rv*1e6
It's arranged chronologically, [array([log_r_1, rv_1]), array([log_r_2, rv_2]), .....]
",0.0128
"(array([-22.26229838,   4.95609929]), array([-61.1277315 ,  37.36599558]), array([-72.43817901,  52.47289779]), array([-7.8260848 ,  0.61247603]), array([-23.81009635,   5.66920688]), array([42.68817957, 18.22280675]), array([-72.41238116,  52.43552945]))
You are given a chronological sequence of observations for a financial asset.
Each row reports the 1-period log return log_r and the realized variance rv 
where rv = log_r^2.
The log returns are scaled as log_ret*1e4 and the realized Variances are scales as rv*1e6
It's arranged chronologically, [array([log_r_1, rv_1]), array([log_r_2, rv_2]), .....]
",34.3113
"(array([-61.1277315 ,  37.36599558]), array([-72.43817901,  52.47289779]), array([-7.8260848 ,  0.61247603]), array([-23.81009635,   5.66920688]), array([42.68817957, 18.22280675]), array([-72.41238116,  52.43552945]), array([-38.54231969,  14.85510407]))
You are given a chronological sequence of observations for a financial asset.
Each row reports the 1-period log return log_r and the realized variance rv 
where rv = log_r^2.
The log returns are scaled as log_ret*1e4 and the realized Variances are scales as rv*1e6
It's arranged chronologically, [array([log_r_1, rv_1]), array([log_r_2, rv_2]), .....]
",0.0007047
"(array([-72.43817901,  52.47289779]), array([-7.8260848 ,  0.61247603]), array([-23.81009635,   5.66920688]), array([42.68817957, 18.22280675]), array([-72.41238116,  52.43552945]), array([-38.54231969,  14.85510407]), array([68.32552721, 46.68377668]))
You are given a chronological sequence of observations for a financial asset.
Each row reports the 1-period log return log_r and the realized variance rv 
where rv = log_r^2.
The log returns are scaled as log_ret*1e4 and the realized Variances are scales as rv*1e6
It's arranged chronologically, [array([log_r_1, rv_1]), array([log_r_2, rv_2]), .....]
",0.1957
"(array([-7.8260848 ,  0.61247603]), array([-23.81009635,   5.66920688]), array([42.68817957, 18.22280675]), array([-72.41238116,  52.43552945]), array([-38.54231969,  14.85510407]), array([68.32552721, 46.68377668]), array([-64.22705695,  41.25114844]))
You are given a chronological sequence of observations for a financial asset.
Each row reports the 1-period log return log_r and the realized variance rv 
where rv = log_r^2.
The log returns are scaled as log_ret*1e4 and the realized Variances are scales as rv*1e6
It's arranged chronologically, [array([log_r_1, rv_1]), array([log_r_2, rv_2]), .....]
",174.04705493150357
"(array([-23.81009635,   5.66920688]), array([42.68817957, 18.22280675]), array([-72.41238116,  52.43552945]), array([-38.54231969,  14.85510407]), array([68.32552721, 46.68377668]), array([-64.22705695,  41.25114844]), array([-54.6654451 ,  29.88310888]))
You are given a chronological sequence of observations for a financial asset.
Each row reports the 1-period log return log_r and the realized variance rv 
where rv = log_r^2.
The log returns are scaled as log_ret*1e4 and the realized Variances are scales as rv*1e6
It's arranged chronologically, [array([log_r_1, rv_1]), array([log_r_2, rv_2]), .....]
",0.0052
"(array([42.68817957, 18.22280675]), array([-72.41238116,  52.43552945]), array([-38.54231969,  14.85510407]), array([68.32552721, 46.68377668]), array([-64.22705695,  41.25114844]), array([-54.6654451 ,  29.88310888]), array([95.73545509, 91.65277361]))
You are given a chronological sequence of observations for a financial asset.
Each row reports the 1-period log return log_r and the realized variance rv 
where rv = log_r^2.
The log returns are scaled as log_ret*1e4 and the realized Variances are scales as rv*1e6
It's arranged chronologically, [array([log_r_1, rv_1]), array([log_r_2, rv_2]), .....]
",2.7819375361764263e-05
"(array([-72.41238116,  52.43552945]), array([-38.54231969,  14.85510407]), array([68.32552721, 46.68377668]), array([-64.22705695,  41.25114844]), array([-54.6654451 ,  29.88310888]), array([95.73545509, 91.65277361]), array([-84.39670579,  71.22803948]))
You are given a chronological sequence of observations for a financial asset.
Each row reports the 1-period log return log_r and the realized variance rv 
where rv = log_r^2.
The log returns are scaled as log_ret*1e4 and the realized Variances are scales as rv*1e6
It's arranged chronologically, [array([log_r_1, rv_1]), array([log_r_2, rv_2]), .....]
",2279.883279484426
"(array([-38.54231969,  14.85510407]), array([68.32552721, 46.68377668]), array([-64.22705695,  41.25114844]), array([-54.6654451 ,  29.88310888]), array([95.73545509, 91.65277361]), array([-84.39670579,  71.22803948]), array([-126.04301022,  158.86840426]))
You are given a chronological sequence of observations for a financial asset.
Each row reports the 1-period log return log_r and the realized variance rv 
where rv = log_r^2.
The log returns are scaled as log_ret*1e4 and the realized Variances are scales as rv*1e6
It's arranged chronologically, [array([log_r_1, rv_1]), array([log_r_2, rv_2]), .....]
",0.0165
"(array([68.32552721, 46.68377668]), array([-64.22705695,  41.25114844]), array([-54.6654451 ,  29.88310888]), array([95.73545509, 91.65277361]), array([-84.39670579,  71.22803948]), array([-126.04301022,  158.86840426]), array([10.02143221,  1.00429104]))
You are given a chronological sequence of observations for a financial asset.
Each row reports the 1-period log return log_r and the realized variance rv 
where rv = log_r^2.
The log returns are scaled as log_ret*1e4 and the realized Variances are scales as rv*1e6
It's arranged chronologically, [array([log_r_1, rv_1]), array([log_r_2, rv_2]), .....]
",0.0004699939
"(array([-64.22705695,  41.25114844]), array([-54.6654451 ,  29.88310888]), array([95.73545509, 91.65277361]), array([-84.39670579,  71.22803948]), array([-126.04301022,  158.86840426]), array([10.02143221,  1.00429104]), array([207.80837137, 431.84319211]))
You are given a chronological sequence of observations for a financial asset.
Each row reports the 1-period log return log_r and the realized variance rv 
where rv = log_r^2.
The log returns are scaled as log_ret*1e4 and the realized Variances are scales as rv*1e6
It's arranged chronologically, [array([log_r_1, rv_1]), array([log_r_2, rv_2]), .....]
",19119.9018492
"(array([-54.6654451 ,  29.88310888]), array([95.73545509, 91.65277361]), array([-84.39670579,  71.22803948]), array([-126.04301022,  158.86840426]), array([10.02143221,  1.00429104]), array([207.80837137, 431.84319211]), array([65.56164491, 42.98329283]))
You are given a chronological sequence of observations for a financial asset.
Each row reports the 1-period log return log_r and the realized variance rv 
where rv = log_r^2.
The log returns are scaled as log_ret*1e4 and the realized Variances are scales as rv*1e6
It's arranged chronologically, [array([log_r_1, rv_1]), array([log_r_2, rv_2]), .....]
",0.08201747983049892
"(array([95.73545509, 91.65277361]), array([-84.39670579,  71.22803948]), array([-126.04301022,  158.86840426]), array([10.02143221,  1.00429104]), array([207.80837137, 431.84319211]), array([65.56164491, 42.98329283]), array([40.37142456, 16.29851921]))
You are given a chronological sequence of observations for a financial asset.
Each row reports the 1-period log return log_r and the realized variance rv 
where rv = log_r^2.
The log returns are scaled as log_ret*1e4 and the realized Variances are scales as rv*1e6
It's arranged chronologically, [array([log_r_1, rv_1]), array([log_r_2, rv_2]), .....]
",0.0021
"(array([-84.39670579,  71.22803948]), array([-126.04301022,  158.86840426]), array([10.02143221,  1.00429104]), array([207.80837137, 431.84319211]), array([65.56164491, 42.98329283]), array([40.37142456, 16.29851921]), array([61.21218868, 37.46932043]))
You are given a chronological sequence of observations for a financial asset.
Each row reports the 1-period log return log_r and the realized variance rv 
where rv = log_r^2.
The log returns are scaled as log_ret*1e4 and the realized Variances are scales as rv*1e6
It's arranged chronologically, [array([log_r_1, rv_1]), array([log_r_2, rv_2]), .....]
",138.46117522093473
"(array([-126.04301022,  158.86840426]), array([10.02143221,  1.00429104]), array([207.80837137, 431.84319211]), array([65.56164491, 42.98329283]), array([40.37142456, 16.29851921]), array([61.21218868, 37.46932043]), array([35.79544167, 12.81313645]))
You are given a chronological sequence of observations for a financial asset.
Each row reports the 1-period log return log_r and the realized variance rv 
where rv = log_r^2.
The log returns are scaled as log_ret*1e4 and the realized Variances are scales as rv*1e6
It's arranged chronologically, [array([log_r_1, rv_1]), array([log_r_2, rv_2]), .....]
",81.17847391444076
"(array([10.02143221,  1.00429104]), array([207.80837137, 431.84319211]), array([65.56164491, 42.98329283]), array([40.37142456, 16.29851921]), array([61.21218868, 37.46932043]), array([35.79544167, 12.81313645]), array([67.81565197, 45.98962653]))
You are given a chronological sequence of observations for a financial asset.
Each row reports the 1-period log return log_r and the realized variance rv 
where rv = log_r^2.
The log returns are scaled as log_ret*1e4 and the realized Variances are scales as rv*1e6
It's arranged chronologically, [array([log_r_1, rv_1]), array([log_r_2, rv_2]), .....]
",2056.2143154330047
"(array([207.80837137, 431.84319211]), array([65.56164491, 42.98329283]), array([40.37142456, 16.29851921]), array([61.21218868, 37.46932043]), array([35.79544167, 12.81313645]), array([67.81565197, 45.98962653]), array([35.31249453, 12.4697227 ]))
You are given a chronological sequence of observations for a financial asset.
Each row reports the 1-period log return log_r and the realized variance rv 
where rv = log_r^2.
The log returns are scaled as log_ret*1e4 and the realized Variances are scales as rv*1e6
It's arranged chronologically, [array([log_r_1, rv_1]), array([log_r_2, rv_2]), .....]
",30.6756403342
"(array([65.56164491, 42.98329283]), array([40.37142456, 16.29851921]), array([61.21218868, 37.46932043]), array([35.79544167, 12.81313645]), array([67.81565197, 45.98962653]), array([35.31249453, 12.4697227 ]), array([39.5852084 , 15.66988724]))
You are given a chronological sequence of observations for a financial asset.
Each row reports the 1-period log return log_r and the realized variance rv 
where rv = log_r^2.
The log returns are scaled as log_ret*1e4 and the realized Variances are scales as rv*1e6
It's arranged chronologically, [array([log_r_1, rv_1]), array([log_r_2, rv_2]), .....]
",0.00016876943494703893
"(array([40.37142456, 16.29851921]), array([61.21218868, 37.46932043]), array([35.79544167, 12.81313645]), array([67.81565197, 45.98962653]), array([35.31249453, 12.4697227 ]), array([39.5852084 , 15.66988724]), array([-30.53315274,   9.32273416]))
You are given a chronological sequence of observations for a financial asset.
Each row reports the 1-period log return log_r and the realized variance rv 
where rv = log_r^2.
The log returns are scaled as log_ret*1e4 and the realized Variances are scales as rv*1e6
It's arranged chronologically, [array([log_r_1, rv_1]), array([log_r_2, rv_2]), .....]
",452.76378912391766
"(array([61.21218868, 37.46932043]), array([35.79544167, 12.81313645]), array([67.81565197, 45.98962653]), array([35.31249453, 12.4697227 ]), array([39.5852084 , 15.66988724]), array([-30.53315274,   9.32273416]), array([0.80168583, 0.006427  ]))
You are given a chronological sequence of observations for a financial asset.
Each row reports the 1-period log return log_r and the realized variance rv 
where rv = log_r^2.
The log returns are scaled as log_ret*1e4 and the realized Variances are scales as rv*1e6
It's arranged chronologically, [array([log_r_1, rv_1]), array([log_r_2, rv_2]), .....]
",0.0527
"(array([35.79544167, 12.81313645]), array([67.81565197, 45.98962653]), array([35.31249453, 12.4697227 ]), array([39.5852084 , 15.66988724]), array([-30.53315274,   9.32273416]), array([0.80168583, 0.006427  ]), array([78.19825446, 61.14967   ]))
You are given a chronological sequence of observations for a financial asset.
Each row reports the 1-period log return log_r and the realized variance rv 
where rv = log_r^2.
The log returns are scaled as log_ret*1e4 and the realized Variances are scales as rv*1e6
It's arranged chronologically, [array([log_r_1, rv_1]), array([log_r_2, rv_2]), .....]
",0.17462855721826442
"(array([67.81565197, 45.98962653]), array([35.31249453, 12.4697227 ]), array([39.5852084 , 15.66988724]), array([-30.53315274,   9.32273416]), array([0.80168583, 0.006427  ]), array([78.19825446, 61.14967   ]), array([13.11564953,  1.72020263]))
You are given a chronological sequence of observations for a financial asset.
Each row reports the 1-period log return log_r and the realized variance rv 
where rv = log_r^2.
The log returns are scaled as log_ret*1e4 and the realized Variances are scales as rv*1e6
It's arranged chronologically, [array([log_r_1, rv_1]), array([log_r_2, rv_2]), .....]
",1285.1988432805197
"(array([35.31249453, 12.4697227 ]), array([39.5852084 , 15.66988724]), array([-30.53315274,   9.32273416]), array([0.80168583, 0.006427  ]), array([78.19825446, 61.14967   ]), array([13.11564953,  1.72020263]), array([54.88736435, 30.12622765]))
You are given a chronological sequence of observations for a financial asset.
Each row reports the 1-period log return log_r and the realized variance rv 
where rv = log_r^2.
The log returns are scaled as log_ret*1e4 and the realized Variances are scales as rv*1e6
It's arranged chronologically, [array([log_r_1, rv_1]), array([log_r_2, rv_2]), .....]
",0.016843063801858862
"(array([39.5852084 , 15.66988724]), array([-30.53315274,   9.32273416]), array([0.80168583, 0.006427  ]), array([78.19825446, 61.14967   ]), array([13.11564953,  1.72020263]), array([54.88736435, 30.12622765]), array([-70.21904259,  49.30713943]))
You are given a chronological sequence of observations for a financial asset.
Each row reports the 1-period log return log_r and the realized variance rv 
where rv = log_r^2.
The log returns are scaled as log_ret*1e4 and the realized Variances are scales as rv*1e6
It's arranged chronologically, [array([log_r_1, rv_1]), array([log_r_2, rv_2]), .....]
",1.09243116
"(array([-30.53315274,   9.32273416]), array([0.80168583, 0.006427  ]), array([78.19825446, 61.14967   ]), array([13.11564953,  1.72020263]), array([54.88736435, 30.12622765]), array([-70.21904259,  49.30713943]), array([-2.27336021,  0.05168167]))
You are given a chronological sequence of observations for a financial asset.
Each row reports the 1-period log return log_r and the realized variance rv 
where rv = log_r^2.
The log returns are scaled as log_ret*1e4 and the realized Variances are scales as rv*1e6
It's arranged chronologically, [array([log_r_1, rv_1]), array([log_r_2, rv_2]), .....]
",0.4748677016642752
"(array([0.80168583, 0.006427  ]), array([78.19825446, 61.14967   ]), array([13.11564953,  1.72020263]), array([54.88736435, 30.12622765]), array([-70.21904259,  49.30713943]), array([-2.27336021,  0.05168167]), array([2.44384139, 0.05972361]))
You are given a chronological sequence of observations for a financial asset.
Each row reports the 1-period log return log_r and the realized variance rv 
where rv = log_r^2.
The log returns are scaled as log_ret*1e4 and the realized Variances are scales as rv*1e6
It's arranged chronologically, [array([log_r_1, rv_1]), array([log_r_2, rv_2]), .....]
",0.00011623
"(array([78.19825446, 61.14967   ]), array([13.11564953,  1.72020263]), array([54.88736435, 30.12622765]), array([-70.21904259,  49.30713943]), array([-2.27336021,  0.05168167]), array([2.44384139, 0.05972361]), array([49.82622183, 24.82652382]))
You are given a chronological sequence of observations for a financial asset.
Each row reports the 1-period log return log_r and the realized variance rv 
where rv = log_r^2.
The log returns are scaled as log_ret*1e4 and the realized Variances are scales as rv*1e6
It's arranged chronologically, [array([log_r_1, rv_1]), array([log_r_2, rv_2]), .....]
",2057.5298
"(array([13.11564953,  1.72020263]), array([54.88736435, 30.12622765]), array([-70.21904259,  49.30713943]), array([-2.27336021,  0.05168167]), array([2.44384139, 0.05972361]), array([49.82622183, 24.82652382]), array([-43.12293299,  18.5958735 ]))
You are given a chronological sequence of observations for a financial asset.
Each row reports the 1-period log return log_r and the realized variance rv 
where rv = log_r^2.
The log returns are scaled as log_ret*1e4 and the realized Variances are scales as rv*1e6
It's arranged chronologically, [array([log_r_1, rv_1]), array([log_r_2, rv_2]), .....]
",2075.5741
"(array([54.88736435, 30.12622765]), array([-70.21904259,  49.30713943]), array([-2.27336021,  0.05168167]), array([2.44384139, 0.05972361]), array([49.82622183, 24.82652382]), array([-43.12293299,  18.5958735 ]), array([31.69448964, 10.04540674]))
You are given a chronological sequence of observations for a financial asset.
Each row reports the 1-period log return log_r and the realized variance rv 
where rv = log_r^2.
The log returns are scaled as log_ret*1e4 and the realized Variances are scales as rv*1e6
It's arranged chronologically, [array([log_r_1, rv_1]), array([log_r_2, rv_2]), .....]
",1569.0776889245128
"(array([-70.21904259,  49.30713943]), array([-2.27336021,  0.05168167]), array([2.44384139, 0.05972361]), array([49.82622183, 24.82652382]), array([-43.12293299,  18.5958735 ]), array([31.69448964, 10.04540674]), array([-96.64384115,  93.40032031]))
You are given a chronological sequence of observations for a financial asset.
Each row reports the 1-period log return log_r and the realized variance rv 
where rv = log_r^2.
The log returns are scaled as log_ret*1e4 and the realized Variances are scales as rv*1e6
It's arranged chronologically, [array([log_r_1, rv_1]), array([log_r_2, rv_2]), .....]
",0.2644177605059094
"(array([-2.27336021,  0.05168167]), array([2.44384139, 0.05972361]), array([49.82622183, 24.82652382]), array([-43.12293299,  18.5958735 ]), array([31.69448964, 10.04540674]), array([-96.64384115,  93.40032031]), array([111.52088206, 124.36907135]))
You are given a chronological sequence of observations for a financial asset.
Each row reports the 1-period log return log_r and the realized variance rv 
where rv = log_r^2.
The log returns are scaled as log_ret*1e4 and the realized Variances are scales as rv*1e6
It's arranged chronologically, [array([log_r_1, rv_1]), array([log_r_2, rv_2]), .....]
",0.0283
"(array([2.44384139, 0.05972361]), array([49.82622183, 24.82652382]), array([-43.12293299,  18.5958735 ]), array([31.69448964, 10.04540674]), array([-96.64384115,  93.40032031]), array([111.52088206, 124.36907135]), array([12.87932031,  1.65876892]))
You are given a chronological sequence of observations for a financial asset.
Each row reports the 1-period log return log_r and the realized variance rv 
where rv = log_r^2.
The log returns are scaled as log_ret*1e4 and the realized Variances are scales as rv*1e6
It's arranged chronologically, [array([log_r_1, rv_1]), array([log_r_2, rv_2]), .....]
",29989.550535415354
"(array([49.82622183, 24.82652382]), array([-43.12293299,  18.5958735 ]), array([31.69448964, 10.04540674]), array([-96.64384115,  93.40032031]), array([111.52088206, 124.36907135]), array([12.87932031,  1.65876892]), array([-19.66457846,   3.86695646]))
You are given a chronological sequence of observations for a financial asset.
Each row reports the 1-period log return log_r and the realized variance rv 
where rv = log_r^2.
The log returns are scaled as log_ret*1e4 and the realized Variances are scales as rv*1e6
It's arranged chronologically, [array([log_r_1, rv_1]), array([log_r_2, rv_2]), .....]
",1584.5669440333334
"(array([-43.12293299,  18.5958735 ]), array([31.69448964, 10.04540674]), array([-96.64384115,  93.40032031]), array([111.52088206, 124.36907135]), array([12.87932031,  1.65876892]), array([-19.66457846,   3.86695646]), array([101.29860277, 102.61406923]))
You are given a chronological sequence of observations for a financial asset.
Each row reports the 1-period log return log_r and the realized variance rv 
where rv = log_r^2.
The log returns are scaled as log_ret*1e4 and the realized Variances are scales as rv*1e6
It's arranged chronologically, [array([log_r_1, rv_1]), array([log_r_2, rv_2]), .....]
",34187.03719
"(array([31.69448964, 10.04540674]), array([-96.64384115,  93.40032031]), array([111.52088206, 124.36907135]), array([12.87932031,  1.65876892]), array([-19.66457846,   3.86695646]), array([101.29860277, 102.61406923]), array([23.32183213,  5.43907854]))
You are given a chronological sequence of observations for a financial asset.
Each row reports the 1-period log return log_r and the realized variance rv 
where rv = log_r^2.
The log returns are scaled as log_ret*1e4 and the realized Variances are scales as rv*1e6
It's arranged chronologically, [array([log_r_1, rv_1]), array([log_r_2, rv_2]), .....]
",1.5159231047998372
"(array([-96.64384115,  93.40032031]), array([111.52088206, 124.36907135]), array([12.87932031,  1.65876892]), array([-19.66457846,   3.86695646]), array([101.29860277, 102.61406923]), array([23.32183213,  5.43907854]), array([37.41365361, 13.99781476]))
You are given a chronological sequence of observations for a financial asset.
Each row reports the 1-period log return log_r and the realized variance rv 
where rv = log_r^2.
The log returns are scaled as log_ret*1e4 and the realized Variances are scales as rv*1e6
It's arranged chronologically, [array([log_r_1, rv_1]), array([log_r_2, rv_2]), .....]
",0.0337
"(array([111.52088206, 124.36907135]), array([12.87932031,  1.65876892]), array([-19.66457846,   3.86695646]), array([101.29860277, 102.61406923]), array([23.32183213,  5.43907854]), array([37.41365361, 13.99781476]), array([-27.8657276 ,   7.76498775]))
You are given a chronological sequence of observations for a financial asset.
Each row reports the 1-period log return log_r and the realized variance rv 
where rv = log_r^2.
The log returns are scaled as log_ret*1e4 and the realized Variances are scales as rv*1e6
It's arranged chronologically, [array([log_r_1, rv_1]), array([log_r_2, rv_2]), .....]
",57.1565278436
"(array([12.87932031,  1.65876892]), array([-19.66457846,   3.86695646]), array([101.29860277, 102.61406923]), array([23.32183213,  5.43907854]), array([37.41365361, 13.99781476]), array([-27.8657276 ,   7.76498775]), array([-4.96825075,  0.24683515]))
You are given a chronological sequence of observations for a financial asset.
Each row reports the 1-period log return log_r and the realized variance rv 
where rv = log_r^2.
The log returns are scaled as log_ret*1e4 and the realized Variances are scales as rv*1e6
It's arranged chronologically, [array([log_r_1, rv_1]), array([log_r_2, rv_2]), .....]
",0.0297
"(array([-19.66457846,   3.86695646]), array([101.29860277, 102.61406923]), array([23.32183213,  5.43907854]), array([37.41365361, 13.99781476]), array([-27.8657276 ,   7.76498775]), array([-4.96825075,  0.24683515]), array([-47.63046491,  22.68661187]))
You are given a chronological sequence of observations for a financial asset.
Each row reports the 1-period log return log_r and the realized variance rv 
where rv = log_r^2.
The log returns are scaled as log_ret*1e4 and the realized Variances are scales as rv*1e6
It's arranged chronologically, [array([log_r_1, rv_1]), array([log_r_2, rv_2]), .....]
",0.0559
"(array([101.29860277, 102.61406923]), array([23.32183213,  5.43907854]), array([37.41365361, 13.99781476]), array([-27.8657276 ,   7.76498775]), array([-4.96825075,  0.24683515]), array([-47.63046491,  22.68661187]), array([79.96354582, 63.94168659]))
You are given a chronological sequence of observations for a financial asset.
Each row reports the 1-period log return log_r and the realized variance rv 
where rv = log_r^2.
The log returns are scaled as log_ret*1e4 and the realized Variances are scales as rv*1e6
It's arranged chronologically, [array([log_r_1, rv_1]), array([log_r_2, rv_2]), .....]
",0.02523161273989033
"(array([23.32183213,  5.43907854]), array([37.41365361, 13.99781476]), array([-27.8657276 ,   7.76498775]), array([-4.96825075,  0.24683515]), array([-47.63046491,  22.68661187]), array([79.96354582, 63.94168659]), array([34.33680075, 11.79015885]))
You are given a chronological sequence of observations for a financial asset.
Each row reports the 1-period log return log_r and the realized variance rv 
where rv = log_r^2.
The log returns are scaled as log_ret*1e4 and the realized Variances are scales as rv*1e6
It's arranged chronologically, [array([log_r_1, rv_1]), array([log_r_2, rv_2]), .....]
",1568.835919167072
"(array([37.41365361, 13.99781476]), array([-27.8657276 ,   7.76498775]), array([-4.96825075,  0.24683515]), array([-47.63046491,  22.68661187]), array([79.96354582, 63.94168659]), array([34.33680075, 11.79015885]), array([4.99068416, 0.24906928]))
You are given a chronological sequence of observations for a financial asset.
Each row reports the 1-period log return log_r and the realized variance rv 
where rv = log_r^2.
The log returns are scaled as log_ret*1e4 and the realized Variances are scales as rv*1e6
It's arranged chronologically, [array([log_r_1, rv_1]), array([log_r_2, rv_2]), .....]
",0.0006228126573670545
"(array([-27.8657276 ,   7.76498775]), array([-4.96825075,  0.24683515]), array([-47.63046491,  22.68661187]), array([79.96354582, 63.94168659]), array([34.33680075, 11.79015885]), array([4.99068416, 0.24906928]), array([-4.38057803,  0.19189464]))
You are given a chronological sequence of observations for a financial asset.
Each row reports the 1-period log return log_r and the realized variance rv 
where rv = log_r^2.
The log returns are scaled as log_ret*1e4 and the realized Variances are scales as rv*1e6
It's arranged chronologically, [array([log_r_1, rv_1]), array([log_r_2, rv_2]), .....]
",1.7863
"(array([-4.96825075,  0.24683515]), array([-47.63046491,  22.68661187]), array([79.96354582, 63.94168659]), array([34.33680075, 11.79015885]), array([4.99068416, 0.24906928]), array([-4.38057803,  0.19189464]), array([25.48026105,  6.49243703]))
You are given a chronological sequence of observations for a financial asset.
Each row reports the 1-period log return log_r and the realized variance rv 
where rv = log_r^2.
The log returns are scaled as log_ret*1e4 and the realized Variances are scales as rv*1e6
It's arranged chronologically, [array([log_r_1, rv_1]), array([log_r_2, rv_2]), .....]
",0.3415554089448417
"(array([-47.63046491,  22.68661187]), array([79.96354582, 63.94168659]), array([34.33680075, 11.79015885]), array([4.99068416, 0.24906928]), array([-4.38057803,  0.19189464]), array([25.48026105,  6.49243703]), array([8.23948752, 0.67889155]))
You are given a chronological sequence of observations for a financial asset.
Each row reports the 1-period log return log_r and the realized variance rv 
where rv = log_r^2.
The log returns are scaled as log_ret*1e4 and the realized Variances are scales as rv*1e6
It's arranged chronologically, [array([log_r_1, rv_1]), array([log_r_2, rv_2]), .....]
",0.38038288871702086
"(array([79.96354582, 63.94168659]), array([34.33680075, 11.79015885]), array([4.99068416, 0.24906928]), array([-4.38057803,  0.19189464]), array([25.48026105,  6.49243703]), array([8.23948752, 0.67889155]), array([-19.25450281,   3.70735879]))
You are given a chronological sequence of observations for a financial asset.
Each row reports the 1-period log return log_r and the realized variance rv 
where rv = log_r^2.
The log returns are scaled as log_ret*1e4 and the realized Variances are scales as rv*1e6
It's arranged chronologically, [array([log_r_1, rv_1]), array([log_r_2, rv_2]), .....]
",0.0642
"(array([34.33680075, 11.79015885]), array([4.99068416, 0.24906928]), array([-4.38057803,  0.19189464]), array([25.48026105,  6.49243703]), array([8.23948752, 0.67889155]), array([-19.25450281,   3.70735879]), array([-19.90204861,   3.96091539]))
You are given a chronological sequence of observations for a financial asset.
Each row reports the 1-period log return log_r and the realized variance rv 
where rv = log_r^2.
The log returns are scaled as log_ret*1e4 and the realized Variances are scales as rv*1e6
It's arranged chronologically, [array([log_r_1, rv_1]), array([log_r_2, rv_2]), .....]
",4.0283143838
"(array([4.99068416, 0.24906928]), array([-4.38057803,  0.19189464]), array([25.48026105,  6.49243703]), array([8.23948752, 0.67889155]), array([-19.25450281,   3.70735879]), array([-19.90204861,   3.96091539]), array([-49.51083495,  24.51322778]))
You are given a chronological sequence of observations for a financial asset.
Each row reports the 1-period log return log_r and the realized variance rv 
where rv = log_r^2.
The log returns are scaled as log_ret*1e4 and the realized Variances are scales as rv*1e6
It's arranged chronologically, [array([log_r_1, rv_1]), array([log_r_2, rv_2]), .....]
",0.10553970939648975
"(array([-4.38057803,  0.19189464]), array([25.48026105,  6.49243703]), array([8.23948752, 0.67889155]), array([-19.25450281,   3.70735879]), array([-19.90204861,   3.96091539]), array([-49.51083495,  24.51322778]), array([1.67290288, 0.02798604]))
You are given a chronological sequence of observations for a financial asset.
Each row reports the 1-period log return log_r and the realized variance rv 
where rv = log_r^2.
The log returns are scaled as log_ret*1e4 and the realized Variances are scales as rv*1e6
It's arranged chronologically, [array([log_r_1, rv_1]), array([log_r_2, rv_2]), .....]
",0.7881550560000002
"(array([25.48026105,  6.49243703]), array([8.23948752, 0.67889155]), array([-19.25450281,   3.70735879]), array([-19.90204861,   3.96091539]), array([-49.51083495,  24.51322778]), array([1.67290288, 0.02798604]), array([-42.07474043,  17.70283783]))
You are given a chronological sequence of observations for a financial asset.
Each row reports the 1-period log return log_r and the realized variance rv 
where rv = log_r^2.
The log returns are scaled as log_ret*1e4 and the realized Variances are scales as rv*1e6
It's arranged chronologically, [array([log_r_1, rv_1]), array([log_r_2, rv_2]), .....]
",650.3469532999746
"(array([8.23948752, 0.67889155]), array([-19.25450281,   3.70735879]), array([-19.90204861,   3.96091539]), array([-49.51083495,  24.51322778]), array([1.67290288, 0.02798604]), array([-42.07474043,  17.70283783]), array([112.47271977, 126.50112692]))
You are given a chronological sequence of observations for a financial asset.
Each row reports the 1-period log return log_r and the realized variance rv 
where rv = log_r^2.
The log returns are scaled as log_ret*1e4 and the realized Variances are scales as rv*1e6
It's arranged chronologically, [array([log_r_1, rv_1]), array([log_r_2, rv_2]), .....]
",0.04045771616
"(array([-19.25450281,   3.70735879]), array([-19.90204861,   3.96091539]), array([-49.51083495,  24.51322778]), array([1.67290288, 0.02798604]), array([-42.07474043,  17.70283783]), array([112.47271977, 126.50112692]), array([22.12255688,  4.89407523]))
You are given a chronological sequence of observations for a financial asset.
Each row reports the 1-period log return log_r and the realized variance rv 
where rv = log_r^2.
The log returns are scaled as log_ret*1e4 and the realized Variances are scales as rv*1e6
It's arranged chronologically, [array([log_r_1, rv_1]), array([log_r_2, rv_2]), .....]
",12741.09325379
"(array([-19.90204861,   3.96091539]), array([-49.51083495,  24.51322778]), array([1.67290288, 0.02798604]), array([-42.07474043,  17.70283783]), array([112.47271977, 126.50112692]), array([22.12255688,  4.89407523]), array([-23.11922358,   5.34498499]))
You are given a chronological sequence of observations for a financial asset.
Each row reports the 1-period log return log_r and the realized variance rv 
where rv = log_r^2.
The log returns are scaled as log_ret*1e4 and the realized Variances are scales as rv*1e6
It's arranged chronologically, [array([log_r_1, rv_1]), array([log_r_2, rv_2]), .....]
",0.0197656883
"(array([-49.51083495,  24.51322778]), array([1.67290288, 0.02798604]), array([-42.07474043,  17.70283783]), array([112.47271977, 126.50112692]), array([22.12255688,  4.89407523]), array([-23.11922358,   5.34498499]), array([-133.73036106,  178.83809468]))
You are given a chronological sequence of observations for a financial asset.
Each row reports the 1-period log return log_r and the realized variance rv 
where rv = log_r^2.
The log returns are scaled as log_ret*1e4 and the realized Variances are scales as rv*1e6
It's arranged chronologically, [array([log_r_1, rv_1]), array([log_r_2, rv_2]), .....]
",0.000703
"(array([1.67290288, 0.02798604]), array([-42.07474043,  17.70283783]), array([112.47271977, 126.50112692]), array([22.12255688,  4.89407523]), array([-23.11922358,   5.34498499]), array([-133.73036106,  178.83809468]), array([-41.16342947,  16.94427926]))
You are given a chronological sequence of observations for a financial asset.
Each row reports the 1-period log return log_r and the realized variance rv 
where rv = log_r^2.
The log returns are scaled as log_ret*1e4 and the realized Variances are scales as rv*1e6
It's arranged chronologically, [array([log_r_1, rv_1]), array([log_r_2, rv_2]), .....]
",0.0235
"(array([-42.07474043,  17.70283783]), array([112.47271977, 126.50112692]), array([22.12255688,  4.89407523]), array([-23.11922358,   5.34498499]), array([-133.73036106,  178.83809468]), array([-41.16342947,  16.94427926]), array([2.87344181, 0.08256668]))
You are given a chronological sequence of observations for a financial asset.
Each row reports the 1-period log return log_r and the realized variance rv 
where rv = log_r^2.
The log returns are scaled as log_ret*1e4 and the realized Variances are scales as rv*1e6
It's arranged chronologically, [array([log_r_1, rv_1]), array([log_r_2, rv_2]), .....]
",0.00407258397
"(array([112.47271977, 126.50112692]), array([22.12255688,  4.89407523]), array([-23.11922358,   5.34498499]), array([-133.73036106,  178.83809468]), array([-41.16342947,  16.94427926]), array([2.87344181, 0.08256668]), array([56.11980181, 31.49432155]))
You are given a chronological sequence of observations for a financial asset.
Each row reports the 1-period log return log_r and the realized variance rv 
where rv = log_r^2.
The log returns are scaled as log_ret*1e4 and the realized Variances are scales as rv*1e6
It's arranged chronologically, [array([log_r_1, rv_1]), array([log_r_2, rv_2]), .....]
",5112.694313968026
"(array([22.12255688,  4.89407523]), array([-23.11922358,   5.34498499]), array([-133.73036106,  178.83809468]), array([-41.16342947,  16.94427926]), array([2.87344181, 0.08256668]), array([56.11980181, 31.49432155]), array([-26.30731699,   6.92074927]))
You are given a chronological sequence of observations for a financial asset.
Each row reports the 1-period log return log_r and the realized variance rv 
where rv = log_r^2.
The log returns are scaled as log_ret*1e4 and the realized Variances are scales as rv*1e6
It's arranged chronologically, [array([log_r_1, rv_1]), array([log_r_2, rv_2]), .....]
",1.9177
"(array([-23.11922358,   5.34498499]), array([-133.73036106,  178.83809468]), array([-41.16342947,  16.94427926]), array([2.87344181, 0.08256668]), array([56.11980181, 31.49432155]), array([-26.30731699,   6.92074927]), array([172.67200918, 298.15622756]))
You are given a chronological sequence of observations for a financial asset.
Each row reports the 1-period log return log_r and the realized variance rv 
where rv = log_r^2.
The log returns are scaled as log_ret*1e4 and the realized Variances are scales as rv*1e6
It's arranged chronologically, [array([log_r_1, rv_1]), array([log_r_2, rv_2]), .....]
",1073378.497626
"(array([-133.73036106,  178.83809468]), array([-41.16342947,  16.94427926]), array([2.87344181, 0.08256668]), array([56.11980181, 31.49432155]), array([-26.30731699,   6.92074927]), array([172.67200918, 298.15622756]), array([-13.92126975,   1.93801751]))
You are given a chronological sequence of observations for a financial asset.
Each row reports the 1-period log return log_r and the realized variance rv 
where rv = log_r^2.
The log returns are scaled as log_ret*1e4 and the realized Variances are scales as rv*1e6
It's arranged chronologically, [array([log_r_1, rv_1]), array([log_r_2, rv_2]), .....]
",103.60708842264538
"(array([-41.16342947,  16.94427926]), array([2.87344181, 0.08256668]), array([56.11980181, 31.49432155]), array([-26.30731699,   6.92074927]), array([172.67200918, 298.15622756]), array([-13.92126975,   1.93801751]), array([77.15114607, 59.5229934 ]))
You are given a chronological sequence of observations for a financial asset.
Each row reports the 1-period log return log_r and the realized variance rv 
where rv = log_r^2.
The log returns are scaled as log_ret*1e4 and the realized Variances are scales as rv*1e6
It's arranged chronologically, [array([log_r_1, rv_1]), array([log_r_2, rv_2]), .....]
",0.015109398348291204
"(array([2.87344181, 0.08256668]), array([56.11980181, 31.49432155]), array([-26.30731699,   6.92074927]), array([172.67200918, 298.15622756]), array([-13.92126975,   1.93801751]), array([77.15114607, 59.5229934 ]), array([28.97719185,  8.39677648]))
You are given a chronological sequence of observations for a financial asset.
Each row reports the 1-period log return log_r and the realized variance rv 
where rv = log_r^2.
The log returns are scaled as log_ret*1e4 and the realized Variances are scales as rv*1e6
It's arranged chronologically, [array([log_r_1, rv_1]), array([log_r_2, rv_2]), .....]
",1.5743
"(array([56.11980181, 31.49432155]), array([-26.30731699,   6.92074927]), array([172.67200918, 298.15622756]), array([-13.92126975,   1.93801751]), array([77.15114607, 59.5229934 ]), array([28.97719185,  8.39677648]), array([36.58067926, 13.38146095]))
You are given a chronological sequence of observations for a financial asset.
Each row reports the 1-period log return log_r and the realized variance rv 
where rv = log_r^2.
The log returns are scaled as log_ret*1e4 and the realized Variances are scales as rv*1e6
It's arranged chronologically, [array([log_r_1, rv_1]), array([log_r_2, rv_2]), .....]
",145.9493188327993
"(array([-26.30731699,   6.92074927]), array([172.67200918, 298.15622756]), array([-13.92126975,   1.93801751]), array([77.15114607, 59.5229934 ]), array([28.97719185,  8.39677648]), array([36.58067926, 13.38146095]), array([31.66780858, 10.028501  ]))
You are given a chronological sequence of observations for a financial asset.
Each row reports the 1-period log return log_r and the realized variance rv 
where rv = log_r^2.
The log returns are scaled as log_ret*1e4 and the realized Variances are scales as rv*1e6
It's arranged chronologically, [array([log_r_1, rv_1]), array([log_r_2, rv_2]), .....]
",0.02463736370250598
"(array([172.67200918, 298.15622756]), array([-13.92126975,   1.93801751]), array([77.15114607, 59.5229934 ]), array([28.97719185,  8.39677648]), array([36.58067926, 13.38146095]), array([31.66780858, 10.028501  ]), array([7.00559662, 0.49078384]))
You are given a chronological sequence of observations for a financial asset.
Each row reports the 1-period log return log_r and the realized variance rv 
where rv = log_r^2.
The log returns are scaled as log_ret*1e4 and the realized Variances are scales as rv*1e6
It's arranged chronologically, [array([log_r_1, rv_1]), array([log_r_2, rv_2]), .....]
",1.0203
"(array([-13.92126975,   1.93801751]), array([77.15114607, 59.5229934 ]), array([28.97719185,  8.39677648]), array([36.58067926, 13.38146095]), array([31.66780858, 10.028501  ]), array([7.00559662, 0.49078384]), array([-8.0921752 ,  0.65483299]))
You are given a chronological sequence of observations for a financial asset.
Each row reports the 1-period log return log_r and the realized variance rv 
where rv = log_r^2.
The log returns are scaled as log_ret*1e4 and the realized Variances are scales as rv*1e6
It's arranged chronologically, [array([log_r_1, rv_1]), array([log_r_2, rv_2]), .....]
",0.1288
"(array([77.15114607, 59.5229934 ]), array([28.97719185,  8.39677648]), array([36.58067926, 13.38146095]), array([31.66780858, 10.028501  ]), array([7.00559662, 0.49078384]), array([-8.0921752 ,  0.65483299]), array([42.55983089, 18.11339206]))
You are given a chronological sequence of observations for a financial asset.
Each row reports the 1-period log return log_r and the realized variance rv 
where rv = log_r^2.
The log returns are scaled as log_ret*1e4 and the realized Variances are scales as rv*1e6
It's arranged chronologically, [array([log_r_1, rv_1]), array([log_r_2, rv_2]), .....]
",1710.0482402058574
"(array([28.97719185,  8.39677648]), array([36.58067926, 13.38146095]), array([31.66780858, 10.028501  ]), array([7.00559662, 0.49078384]), array([-8.0921752 ,  0.65483299]), array([42.55983089, 18.11339206]), array([-5.41012830e-02,  2.92694882e-05]))
You are given a chronological sequence of observations for a financial asset.
Each row reports the 1-period log return log_r and the realized variance rv 
where rv = log_r^2.
The log returns are scaled as log_ret*1e4 and the realized Variances are scales as rv*1e6
It's arranged chronologically, [array([log_r_1, rv_1]), array([log_r_2, rv_2]), .....]
",0.3259245629018246
"(array([36.58067926, 13.38146095]), array([31.66780858, 10.028501  ]), array([7.00559662, 0.49078384]), array([-8.0921752 ,  0.65483299]), array([42.55983089, 18.11339206]), array([-5.41012830e-02,  2.92694882e-05]), array([-81.755944  ,  66.84034379]))
You are given a chronological sequence of observations for a financial asset.
Each row reports the 1-period log return log_r and the realized variance rv 
where rv = log_r^2.
The log returns are scaled as log_ret*1e4 and the realized Variances are scales as rv*1e6
It's arranged chronologically, [array([log_r_1, rv_1]), array([log_r_2, rv_2]), .....]
",46.42170324162446
"(array([31.66780858, 10.028501  ]), array([7.00559662, 0.49078384]), array([-8.0921752 ,  0.65483299]), array([42.55983089, 18.11339206]), array([-5.41012830e-02,  2.92694882e-05]), array([-81.755944  ,  66.84034379]), array([-21.3500866 ,   4.55826198]))
You are given a chronological sequence of observations for a financial asset.
Each row reports the 1-period log return log_r and the realized variance rv 
where rv = log_r^2.
The log returns are scaled as log_ret*1e4 and the realized Variances are scales as rv*1e6
It's arranged chronologically, [array([log_r_1, rv_1]), array([log_r_2, rv_2]), .....]
",0.0745761244
"(array([7.00559662, 0.49078384]), array([-8.0921752 ,  0.65483299]), array([42.55983089, 18.11339206]), array([-5.41012830e-02,  2.92694882e-05]), array([-81.755944  ,  66.84034379]), array([-21.3500866 ,   4.55826198]), array([-13.62014241,   1.85508279]))
You are given a chronological sequence of observations for a financial asset.
Each row reports the 1-period log return log_r and the realized variance rv 
where rv = log_r^2.
The log returns are scaled as log_ret*1e4 and the realized Variances are scales as rv*1e6
It's arranged chronologically, [array([log_r_1, rv_1]), array([log_r_2, rv_2]), .....]
",0.0006203251
"(array([-8.0921752 ,  0.65483299]), array([42.55983089, 18.11339206]), array([-5.41012830e-02,  2.92694882e-05]), array([-81.755944  ,  66.84034379]), array([-21.3500866 ,   4.55826198]), array([-13.62014241,   1.85508279]), array([51.91952417, 26.9563699 ]))
You are given a chronological sequence of observations for a financial asset.
Each row reports the 1-period log return log_r and the realized variance rv 
where rv = log_r^2.
The log returns are scaled as log_ret*1e4 and the realized Variances are scales as rv*1e6
It's arranged chronologically, [array([log_r_1, rv_1]), array([log_r_2, rv_2]), .....]
",12.728407238999797
